use exam_result_db;

-- заполненеи таблицы people
insert into people (last_name, first_name, patronymic)
	values
		('Денисов', 'Юстиниан', 'Митрофанович'),
		('Новиков', 'Мирон', 'Богуславович'),
		('Филиппов', 'Кондратий', 'Николаевич'),
		('Савин', 'Геннадий', 'Филатович'),
		('Лукин', 'Корнелий', 'Проклович'),
		('Никитин', 'Семен', 'Григорьевич'),
		('Соловьёв', 'Филипп', 'Альбертович'),
		('Ширяев', 'Родион', 'Донатович'),
		('Тихонов', 'Ипполит', 'Дамирович'),
		('Одинцов', 'Аполлон', 'Тимофеевич'),
		('Денисов', 'Юстиниан', 'Митрофанович'),
		('Новиков', 'Мирон', 'Богуславович'),
		('Филиппов', 'Кондратий', 'Николаевич'),
		('Савин', 'Геннадий', 'Филатович'),
		('Лукин', 'Корнелий', 'Проклович'),
		('Никитин', 'Семен', 'Григорьевич'),
		('Соловьёв', 'Филипп', 'Альбертович'),
		('Ширяев', 'Родион', 'Донатович'),
		('Тихонов', 'Ипполит', 'Дамирович'),
		('Одинцов', 'Аполлон', 'Тимофеевич');


-- заполенение таблицы examiners
insert into examiners (id_person, exam_fee)
	values
		(1, 300),
		(2, 450),
		(3, 730),
		(4, 680),
		(5, 320);

        
-- заполнение таблицы students
insert into students (id_person, address, year_of_birth, passport)
	values
		(6,  'г.Донецк, ул.Ильича, 18/3', 1990, '44773328'),
		(7,  'г.Донецк, ул.Артёма, 3/12', 1996, '33790923'),
		(8,  'г.Донецк, ул.Петровского, 64/8', 1998, '13721490'),
		(9,  'г.Донецк, ул.Крамарчука, 32/4', 1993, '29770384'),
		(10, 'г.Донецк, ул.Ильича, 12/6', 1994, '94535144'),
		(11, 'г.Донецк, ул.Крамарчука, 53/1', 1990, '17134204'),
		(12, 'г.Донецк, ул.Артёма, 78/5', 2002, '60796113'),
		(13, 'г.Донецк, ул.Петровского, 43/23', 2003, '81483503'),
		(14, 'г.Донецк, ул.Артёма, 12/65', 1994, '80847926'),
		(15, 'г.Донецк, ул.Петровского, 48/4', 1994, '34754110'),
		(16, 'г.Донецк, ул.Ильича, 46/45', 1999, '12930653'),
		(17, 'г.Донецк, ул.Петровского, 56/34', 1999, '68446173'),
		(18, 'г.Донецк, ул.Крамарчука, 34/12', 2000, '66546237'),
		(19, 'г.Донецк, ул.Артёма, 65/4', 2000, '56123465'),
		(20, 'г.Донецк, ул.Ильича, 23/23', 1999, '13653354');


-- заполнение таблицы academic_subjects
insert into academic_subjects (`name`)
	values
		('философия'),
		('математика'),
		('программирование'),
		('литература'),
		('физика'),
		('алгебра'),
		('геометрия'),
		('астрономия'),
		('история'),
		('системное администрирование');


-- заполнение таблицы exam_types
insert into exam_types (id_academic_subject, `name`)
	values
		(1, 'Философия древнего мира'),
		(2, 'Простые числа'),
		(3, 'C++ для WEB'),
		(3, 'Entity Framework'),
		(3, 'Web stack Junior'),
		(3, 'PHP Laravel'),
		(3, 'Unity C++'),
		(4, 'Зарубежная поэзия'),
		(4, 'Отечественные писали'),
		(8, 'Планеты гиганты'),
		(8, 'Планеты карлики'),
		(8, 'Звёзды'),
		(9, 'История древнего мира'),
		(9, 'Античность'),
		(9, 'Средневековье'),
		(6, 'Уравнения'),
		(6, 'Функции');
   
   
-- заполнение таблицы exams
insert into exams (id_exam_type, id_examiner, id_student, `date`, score)
	values
		(1,  3,  1,  '2022-11-02', 79),
		(4,  2,  2,  '2022-11-03', 56),
		(3,  3,  3,  '2022-11-05', 54),
		(2,  5,  4,  '2022-11-01', 34),
		(9,  5,  5,  '2022-11-19', 73),
		(10, 4,  6,  '2022-11-20', 87),
		(12, 3,  7,  '2022-11-22', 16),
		(4,  2,  8,  '2022-11-16', 45),
		(5,  3,  9,  '2022-11-04', 13),
		(4,  2,  10, '2022-11-03', 78),
		(3,  3,  11, '2022-11-01', 81),
		(6,  1,  12, '2022-11-02', 64),
		(12, 1,  13, '2022-11-03', 38),
		(3,  1,  14, '2022-11-08', 85),
		(5,  4,  15, '2022-11-04', 96);
        