Уран,25360,8.68E+25,27,"ледяной гигант",19.6,uranium.png
Нептун,24764,1.02E+26,13,"ледяной гигант",30,neptune.png
Уран,25360,8.68E+25,27,"ледяной гигант",19.6,uranium.png
Земля,6378,5.9722E+24,1,каменная,1,earth.png
Сатурн,60300,5.68E+26,56,"газовый гигант",9.5,saturn.png
Меркурий,2439,3.3022E+23,0,каменная,0.39,mercury.png
Юпитер,71492,1.9E+27,63,"газовый гигант",5.2,jupiter.png
Юпитер,71492,1.9E+27,63,"газовый гигант",5.2,jupiter.png
Юпитер,71492,1.9E+27,63,"газовый гигант",5.2,jupiter.png
Уран,25360,8.68E+25,27,"ледяной гигант",19.6,uranium.png
