[
    {
        "id": 1,
        "fullName": "\u0417\u0430\u0445\u0430\u0440\u043e\u0432\u0430 \u0421. \u041c.",
        "post": "\u0434\u0438\u0441\u043f\u0435\u0442\u0447\u0435\u0440",
        "gender": false,
        "year": 2020,
        "photo": "woman_001.jpg",
        "salary": 30000
    },
    {
        "id": 2,
        "fullName": "\u0412\u043e\u043b\u043a\u043e\u0432\u0430 \u0414. \u0412.",
        "post": "\u043c\u0435\u043d\u0435\u0434\u0436\u0435\u0440",
        "gender": false,
        "year": 2010,
        "photo": "woman_002.jpg",
        "salary": 40000
    },
    {
        "id": 3,
        "fullName": "\u041b\u044e\u0431\u0438\u043c\u043e\u0432 \u0410. \u041a.",
        "post": "\u043c\u0435\u0442\u0430\u043b\u043b\u0443\u0440\u0433",
        "gender": true,
        "year": 2021,
        "photo": "man_001.jpg",
        "salary": 50000
    },
    {
        "id": 4,
        "fullName": "\u0421\u043e\u0440\u043e\u043a\u0438\u043d \u0420. \u041c.",
        "post": "\u0438\u043d\u0436\u0435\u043d\u0435\u0440",
        "gender": true,
        "year": 2015,
        "photo": "man_002.jpg",
        "salary": 70000
    },
    {
        "id": 5,
        "fullName": "\u041a\u043e\u043b\u043f\u0430\u043a\u043e\u0432\u0430 \u0422. \u041c.",
        "post": "\u043f\u0435\u0440\u0435\u0432\u043e\u0434\u0447\u0438\u043a",
        "gender": false,
        "year": 2016,
        "photo": "woman_003.jpg",
        "salary": 50000
    },
    {
        "id": 6,
        "fullName": "\u0422\u0438\u0442\u043e\u0432 \u0412. \u041b.",
        "post": "\u0442\u043e\u0432\u0430\u0440\u043e\u0432\u0435\u0434",
        "gender": true,
        "year": 2012,
        "photo": "man_003.jpg",
        "salary": 60000
    },
    {
        "id": 7,
        "fullName": "\u041c\u0435\u043b\u044c\u043d\u0438\u043a\u043e\u0432 \u0413. \u0421.",
        "post": "\u044e\u0440\u0438\u0441\u0442",
        "gender": true,
        "year": 2017,
        "photo": "man_004.jpg",
        "salary": 70000
    },
    {
        "id": 8,
        "fullName": "\u0421\u0435\u043c\u0435\u043d\u043e\u0432\u0430 \u041c. \u0410.",
        "post": "\u0441\u0435\u043a\u0440\u0435\u0442\u0430\u0440\u044c",
        "gender": false,
        "year": 2012,
        "photo": "woman_004.jpg",
        "salary": 50000
    },
    {
        "id": 9,
        "fullName": "\u0424\u043e\u043a\u0438\u043d\u0430 \u0421. \u0414.",
        "post": "\u043b\u0430\u0431\u043e\u0440\u0430\u043d\u0442",
        "gender": false,
        "year": 2017,
        "photo": "woman_005.jpg",
        "salary": 40000
    },
    {
        "id": 10,
        "fullName": "\u041a\u043e\u0436\u0435\u0432\u043d\u0438\u043a\u043e\u0432\u0430 \u0422. \u041c.",
        "post": "\u044d\u043a\u0441\u043f\u0435\u0434\u0438\u0442\u043e\u0440",
        "gender": false,
        "year": 2019,
        "photo": "woman_006.jpg",
        "salary": 50000
    },
    {
        "id": 11,
        "fullName": "\u0421\u043e\u043b\u043e\u0432\u044c\u0435\u0432 \u041c. \u0424.",
        "post": "\u0433\u0440\u0443\u0437\u0447\u0438\u043a",
        "gender": true,
        "year": 2021,
        "photo": "man_005.jpg",
        "salary": 30000
    },
    {
        "id": 12,
        "fullName": "\u0425\u0430\u0440\u0438\u0442\u043e\u043d\u043e\u0432 \u0414. \u0421.",
        "post": "\u0434\u0438\u0437\u0430\u0439\u043d\u0435\u0440",
        "gender": true,
        "year": 2021,
        "photo": "man_006.jpg",
        "salary": 60000
    }
]
