"создание сессии";"17/11/2022 18:04"
"создание сессии";"17/11/2022 18:08"
"создание сессии";"17/11/2022 18:08"
"закрытие сессии";"17/11/2022 18:08"
"создание сессии";"17/11/2022 18:35"
"создание сессии";"17/11/2022 19:56"
"создание сессии";"17/11/2022 21:12"
"создание сессии";"18/11/2022 09:30"
"создание сессии";"18/11/2022 09:59"
"создание сессии";"18/11/2022 14:33"
"закрытие сессии";"18/11/2022 17:35"
"создание сессии";"18/11/2022 17:36"
"создание сессии";"18/11/2022 18:12"
"закрытие сессии";"18/11/2022 18:40"
"создание сессии";"18/11/2022 18:40"
"закрытие сессии";"18/11/2022 18:47"
"создание сессии";"18/11/2022 18:48"
"закрытие сессии";"18/11/2022 18:48"
"создание сессии";"18/11/2022 18:48"
"создание сессии";"19/11/2022 13:04"
"создание сессии";"19/11/2022 13:05"
"создание сессии";"19/11/2022 13:08"
"создание сессии";"19/11/2022 13:27"
"создание сессии";"19/11/2022 13:45"
"закрытие сессии";"19/11/2022 13:46"
"создание сессии";"19/11/2022 13:46"
"создание сессии";"19/11/2022 13:49"
"закрытие сессии";"19/11/2022 13:49"
"создание сессии";"19/11/2022 13:49"
"закрытие сессии";"19/11/2022 19:33"
"создание сессии";"19/11/2022 19:33"
"создание сессии";"19/11/2022 21:05"
"создание сессии";"19/11/2022 21:52"
"создание сессии";"19/11/2022 22:37"
"создание сессии";"19/11/2022 22:43"
"создание сессии";"19/11/2022 22:47"
"создание сессии";"19/11/2022 22:52"
"создание сессии";"19/11/2022 22:57"
"создание сессии";"19/11/2022 22:57"
"создание сессии";"19/11/2022 23:00"
"закрытие сессии";"20/11/2022 11:40"
"создание сессии";"20/11/2022 11:41"
"создание сессии";"20/11/2022 21:38"
"создание сессии";"20/11/2022 22:03"
"создание сессии";"21/11/2022 12:54"
"создание сессии";"21/11/2022 12:54"
"закрытие сессии";"21/11/2022 12:54"
"создание сессии";"21/11/2022 12:54"
