{
    "users": [
        {
            "id" : 1,
            "name": "Вася Пупкин",
            "age": 43
        }, 
        {
            "id" : 2,
            "name": "Оля Бадюла",
            "age": 33
        }, 
        {
            "id" : 3,
            "name": "Маша Квашина",
            "age": 34
        }, 
        {
            "id" : 4,
            "name": "Сергей Потапов",
            "age": 38
        }, 
        {
            "id" : 5,
            "name": "Илья Резник",
            "age": 37
        }, 
        {
            "id" : 6,
            "name": "Света Лермонтова",
            "age": 48
        },
        {
            "id" : 11,
            "name": "Ольга Ростова",
            "age": 23
        }
    ]
}
