Меркурий,2439.7,0.33022,0,Каменная,0.38,mercury.jpg
Венера,6051.8,4.869,0,Каменная,0.723,venus.jpg
Земля,6378.14,5.9742,1,Каменная,1,earth.jpg
Марс,3397,0.64191,2,Каменная,1.524,mars.jpg
Юпитер,71492,1898.8,67,"Газовый гигант",5.204,jupiter.jpg
Сатурн,60268,568.5,62,"Газовый гигант",9.584,saturn.jpg
Уран,25559,86.625,27,"Ледяной гигант",19.187,uranus.jpg
Нептун,24764,102.78,14,"Ледяной гигант",30.021,neptune.jpg
