"Начало сессии",26/11/2022,05:36:41
"Начало сессии",26/11/2022,05:36:53
"Завершение сессии",26/11/2022,05:41:09
"Начало сессии",26/11/2022,05:41:15
"Начало сессии",26/11/2022,05:41:37
"Начало сессии",26/11/2022,05:44:32
"Завершение сессии",26/11/2022,05:44:40
"Начало сессии",26/11/2022,05:44:46
"Завершение сессии",26/11/2022,05:44:48
"Начало сессии",26/11/2022,05:44:52
"Завершение сессии",26/11/2022,05:46:52
"Начало сессии",26/11/2022,05:46:55
"Завершение сессии",26/11/2022,05:53:01
"Начало сессии",26/11/2022,05:53:04
"Завершение сессии",26/11/2022,05:53:48
"Начало сессии",26/11/2022,09:33:06
